{
  "type": "minecraft:flat_cache",
  "argument": {
    "type": "minecraft:cache_2d",
    "argument": {
      "type": "minecraft:add",
      "argument1": {
        "type": "minecraft:mul",
        "argument1": {
          "type": "minecraft:blend_offset"
        },
        "argument2": {
          "type": "minecraft:add",
          "argument1": 1,
          "argument2": {
            "type": "minecraft:mul",
            "argument1": -1,
            "argument2": {
              "type": "minecraft:cache_once",
              "argument": {
                "type": "minecraft:blend_alpha"
              }
            }
          }
        }
      },
      "argument2": {
        "type": "minecraft:mul",
        "argument1": {
          "type": "minecraft:add",
          "argument1": -0.5037500262260437,
          "argument2": {
            "type": "minecraft:spline",
            "spline": {
              "coordinate": "system:new/continents",
              "points": [
                {
                  "location": -1,
                  "derivative": 0,
                  "value": -0.7
                },
                {
                  "location": -0.48,
                  "derivative": 0,
                  "value": -0.65
                },
                {
                  "location": -0.46,
                  "derivative": 0,
                  "value": -0.6
                },
                {
                  "location": -0.3,
                  "derivative": 0,
                  "value": -0.55
                },
                {
                  "location": -0.193,
                  "derivative": 0,
                  "value": -0.5
                },
                {
                  "location": -0.181,
                  "derivative": 0,
                  "value": {
                    "coordinate": "system:new/offset/r",
                    "points": [
                      {
                        "location": -1,
                        "derivative": 0,
                        "value": -1
                      },
                      {
                        "location": 1,
                        "derivative": 0,
                        "value": 1
                      }
                    ]
                  }
                },
                {
                  "location": 1,
                  "derivative": 0,
                  "value": 0
                }
              ]
            }
          }
        },
        "argument2": {
          "type": "minecraft:cache_once",
          "argument": {
            "type": "minecraft:blend_alpha"
          }
        }
      }
    }
  }
}
