{
  "type": "minecraft:flat_cache",
  "argument": {
    "type": "minecraft:spline",
    "spline": {
      "coordinate": "system:new/ridge",
      "points": [
        {
          "location": -1,
          "derivative": 0,
          "value": {
            "coordinate": "system:new/offset/r-1_-0.25",
            "points": [
              {
                "location": -1,
                "derivative": 0,
                "value": -1
              },
              {
                "location": 1,
                "derivative": 0,
                "value": 1
              }
            ]
          }
        },
        {
          "location": -0.25,
          "derivative": 0,
          "value": {
            "coordinate": "system:new/offset/r-1_-0.25",
            "points": [
              {
                "location": -1,
                "derivative": 0,
                "value": -1
              },
              {
                "location": 1,
                "derivative": 0,
                "value": 1
              }
            ]
          }
        },
        {
          "location": -0.2,
          "derivative": 0,
          "value": -0.3
        },
        {
          "location": -0.15,
          "derivative": 0,
          "value": -0.3
        },
        {
          "location": -0.1,
          "derivative": 0,
          "value": {
            "coordinate": "system:new/offset/r-0.1_1",
            "points": [
              {
                "location": -1,
                "derivative": 0,
                "value": -1
              },
              {
                "location": 1,
                "derivative": 0,
                "value": 1
              }
            ]
          }
        },
        {
          "location": 1,
          "derivative": 0,
          "value": {
            "coordinate": "system:new/offset/r-0.1_1",
            "points": [
              {
                "location": -1,
                "derivative": 0,
                "value": -1
              },
              {
                "location": 1,
                "derivative": 0,
                "value": 1
              }
            ]
          }
        }
      ]
    }
  }
}
