{
  "type": "minecraft:flat_cache",
  "argument": {
    "type": "minecraft:mul",
    "argument1": {
      "type": "minecraft:add",
      "argument1": {
        "type": "minecraft:abs",
        "argument": {
          "type": "minecraft:shifted_noise",
          "noise": "system:m/2a",
          "xz_scale": 1,
          "y_scale": 0,
          "shift_x": "minecraft:shift_x",
          "shift_y": 0,
          "shift_z": "minecraft:shift_z"
        }
      },
      "argument2": 0
    },
    "argument2": -1
  }
}
